date,shock
1990-01-31,0.039737132240898615
1990-02-28,-0.011061144093694773
1990-03-31,0.0518150830480554
1990-04-30,0.12184238851264204
1990-05-31,-0.018732269977866877
1990-06-30,-0.2145894450453034
1990-07-31,0.12633702524059132
1990-08-31,0.061394778332232704
1990-09-30,-0.03755795087479617
1990-10-31,0.043404803486877176
1990-11-30,-0.03707341542499698
1990-12-31,0.17507746985224784
1991-01-31,0.01935698172528273
1991-02-28,-0.15306241957262384
1991-03-31,-0.13799342660104263
1991-04-30,-0.044983002339277815
1991-05-31,-0.0810264896267539
1991-06-30,0.025139786607621912
1991-07-31,-0.07264192604169688
1991-08-31,-0.11298429610682333
1991-09-30,0.11725190151372433
1991-10-31,-0.018062104038922853
1991-11-30,0.005402256375033907
1991-12-31,-0.11397985489707654
1992-01-31,-0.043550617962014614
1992-02-29,0.008873807176789287
1992-03-31,-0.09207948619378423
1992-04-30,0.030055841467653756
1992-05-31,-0.0480510951935044
1992-06-30,-0.023335499983462144
1992-07-31,-0.04813652897835175
1992-08-31,0.14818225476071503
1992-09-30,-0.0010797779790347136
1992-10-31,-0.08461687431647202
1992-11-30,0.06580359296825512
1992-12-31,-0.09766749199768178
1993-01-31,0.016709087600380434
1993-02-28,-0.15677360991038206
1993-03-31,-0.10625488391187445
1993-04-30,0.015748898869529883
1993-05-31,0.05907732639963283
1993-06-30,0.01370946249519764
1993-07-31,-0.009251862591059243
1993-08-31,-0.024088295647143102
1993-09-30,-0.1182817592293942
1993-10-31,-0.05758753667157669
1993-11-30,-0.036851101676783
1993-12-31,-0.14390945655944348
1994-01-31,0.027489463165476912
1994-02-28,-0.1410432124290187
1994-03-31,0.0259267175515836
1994-04-30,-0.030806582433305325
1994-05-31,-0.0541537600244767
1994-06-30,0.04893410310726943
1994-07-31,0.08247996179967608
1994-08-31,0.07450240952929589
1994-09-30,-0.06713740185781109
1994-10-31,-0.024736990068097167
1994-11-30,0.03050245366134036
1994-12-31,0.07804361016978874
1995-01-31,-0.0383339390276232
1995-02-28,-0.01485271813310537
1995-03-31,-0.08850679792048226
1995-04-30,-0.09569652992645367
1995-05-31,0.06500206579153585
1995-06-30,0.10849920228566584
1995-07-31,-0.005760809726426708
1995-08-31,0.08028263183136193
1995-09-30,0.02893088200381073
1995-10-31,-0.051609580368409944
1995-11-30,0.028911648440673114
1995-12-31,0.12304292531727754
1996-01-31,-0.0028660831287961232
1996-02-29,0.1251714924651205
1996-03-31,-0.20957960832717956
1996-04-30,0.06575220035001791
1996-05-31,0.6400211345671987
1996-06-30,-0.023920588037269392
1996-07-31,0.007340862122840184
1996-08-31,-0.15900551316807143
1996-09-30,-0.017573751027000956
1996-10-31,0.028569005720939712
1996-11-30,0.11823152357932129
1996-12-31,-0.041461617461891795
1997-01-31,-0.06467948823145502
1997-02-28,-0.040140563486762926
1997-03-31,0.07323216941616593
1997-04-30,0.026300088772774757
1997-05-31,-0.024014974931162468
1997-06-30,0.04106139464906849
1997-07-31,0.007766203947843231
1997-08-31,0.07749159924263115
1997-09-30,-0.05616424751018819
1997-10-31,-0.026212971727821457
1997-11-30,-0.03136865225057261
1997-12-31,-0.11708119585056949
1998-01-31,0.023689622165166086
1998-02-28,0.020884421774391145
1998-03-31,0.0004090765313968712
1998-04-30,-0.018766970670011755
1998-05-31,-0.11322965936403315
1998-06-30,-0.03365162582122872
1998-07-31,-0.02741716132214156
1998-08-31,-0.06418218153772952
1998-09-30,-0.012902856933280731
1998-10-31,0.03232406854516307
1998-11-30,0.1508948720968424
1998-12-31,0.013966225026547117
1999-01-31,0.020604031257821148
1999-02-28,-0.005955673261293377
1999-03-31,-0.15350169722392332
1999-04-30,-0.00212111003593735
1999-05-31,0.004818416795282115
1999-06-30,0.1970593689988229
1999-07-31,-0.015388877182489802
1999-08-31,0.024123787386688997
1999-09-30,-0.002776941576419465
1999-10-31,-0.09349424300956256
1999-11-30,0.09142582516120165
1999-12-31,0.06015464261494193
2000-01-31,0.06328255576344376
2000-02-29,-0.07275099638357911
2000-03-31,0.11222354487488793
2000-04-30,-0.11214808502338247
2000-05-31,0.04694856750402163
2000-06-30,0.1752364500647983
2000-07-31,-0.07924290601045507
2000-08-31,-0.045303818368221754
2000-09-30,0.007972109207011299
2000-10-31,-0.04027805232929594
2000-11-30,-0.12405307448529061
2000-12-31,0.005485037984482187
2001-01-31,-0.0849842970980884
2001-02-28,0.03788739445081453
2001-03-31,-0.07355393873870425
2001-04-30,0.12399475240140316
2001-05-31,-0.06266026338689897
2001-06-30,-0.02576492129645405
2001-07-31,0.06508137738957358
2001-08-31,-0.09846914531471641
2001-09-30,0.018196794768330353
2001-10-31,0.10457142034259426
2001-11-30,-0.1285986587648982
2001-12-31,0.014770708682584337
2002-01-31,0.020790623539873883
2002-02-28,0.06254582974218482
2002-03-31,-0.09895605687024656
2002-04-30,-0.1056365290467421
2002-05-31,0.04175532524935181
2002-06-30,0.023758773858654884
2002-07-31,0.020039428027670125
2002-08-31,0.027715856759758056
2002-09-30,-0.05440197772627926
2002-10-31,0.018580295772880284
2002-11-30,0.023445797863894502
2002-12-31,-0.057148113442109426
2003-01-31,0.14926196089158053
2003-02-28,0.037906633672943
2003-03-31,-0.09530427977621189
2003-04-30,0.052524288690706376
2003-05-31,-0.07797453361818572
2003-06-30,0.06296676829939617
2003-07-31,0.09268764632059233
2003-08-31,-0.06565458546813684
2003-09-30,0.07707009033954575
2003-10-31,0.033022474154919865
2003-11-30,0.0657648127995592
2003-12-31,0.1517434386123158
2004-01-31,-0.01963104928022964
2004-02-29,-0.06029889314859917
2004-03-31,-0.07116115437004186
2004-04-30,-0.06526482279723507
2004-05-31,-0.006168136753128336
2004-06-30,0.027292157985331512
2004-07-31,0.022135263946401525
2004-08-31,0.0661746599228819
2004-09-30,0.0010401513502325615
2004-10-31,0.11628272617258535
2004-11-30,-0.021172546659036486
2004-12-31,0.2176135333271695
2005-01-31,0.0500533878212005
2005-02-28,-0.0685726045133026
2005-03-31,-0.08567139984488899
2005-04-30,0.03859779321945483
2005-05-31,-0.01787702282606807
2005-06-30,0.05712003952736736
2005-07-31,0.03785900996588359
2005-08-31,-0.005826313012549822
2005-09-30,-0.0677434974454724
2005-10-31,-0.12118777797486917
2005-11-30,-0.035721196165361686
2005-12-31,0.06851190354587779
2006-01-31,0.017127499530416316
2006-02-28,-0.09965910229695904
2006-03-31,0.01385447406809456
2006-04-30,0.030825390378306942
2006-05-31,-0.07070859489609065
2006-06-30,0.012298008475642233
2006-07-31,0.0046566974756799915
2006-08-31,-0.09143762382644985
2006-09-30,0.028622988827862662
2006-10-31,0.044862762109458755
2006-11-30,0.08664409945402217
2006-12-31,0.08430416416279224
2007-01-31,-0.11021354943656729
2007-02-28,-0.07502600319320983
2007-03-31,0.04120282137669278
2007-04-30,0.041102876072976705
2007-05-31,0.04120381490448383
2007-06-30,0.3082185192523777
2007-07-31,0.04567124085545336
2007-08-31,0.09084525121444792
2007-09-30,0.28731833157141895
2007-10-31,0.05211130010446384
2007-11-30,-0.02522153957122765
2007-12-31,0.060717537639461396
2008-01-31,-0.061826017163005745
2008-02-29,-0.018945488539200712
2008-03-31,-0.03882908382632828
2008-04-30,0.0065499311509058045
2008-05-31,0.1851726853338807
2008-06-30,-0.14938121540733984
2008-07-31,0.05490081522996108
2008-08-31,-0.12901726969517213
2008-09-30,-0.21116501436500695
2008-10-31,-0.10689918536739831
2008-11-30,-0.17334484986001195
2008-12-31,-0.40030165380651517
2009-01-31,-0.14297032234910553
2009-02-28,-0.10841213820742654
2009-03-31,-0.11603143281034405
2009-04-30,-0.03788289116680674
2009-05-31,-0.07491167681766442
2009-06-30,-0.05212802780846537
2009-07-31,0.17151552714602605
2009-08-31,0.0507135217854409
2009-09-30,-0.16201140693260857
2009-10-31,0.014916345181554212
2009-11-30,-0.05294291718147104
2009-12-31,0.06819466678369791
2010-01-31,-0.06340165907461605
2010-02-28,-0.009178915317351922
2010-03-31,-0.17579410628147185
2010-04-30,0.06926041553360972
2010-05-31,-0.0960237125644621
2010-06-30,-0.026760098867275872
2010-07-31,-0.037995624892876494
2010-08-31,-0.05226633860589695
2010-09-30,0.14123633922248777
2010-10-31,0.032398536876876445
2010-11-30,-0.10087071634680361
2010-12-31,0.07342895576438209
2011-01-31,0.16977249576101067
2011-02-28,0.08259722084409175
2011-03-31,-0.12154959727632107
2011-04-30,-0.03873872582930011
2011-05-31,0.10135289193492981
2011-06-30,-0.05661355724950246
2011-07-31,0.035505554251698275
2011-08-31,0.061970724274346946
2011-09-30,-0.07415443772624664
2011-10-31,-0.004762028484944007
2011-11-30,-0.2593013872055258
2011-12-31,-0.08195101130674319
2012-01-31,-0.020205452111452825
2012-02-29,-0.09982265455718796
2012-03-31,0.13059290431453083
2012-04-30,-0.11441131023685061
2012-05-31,-0.0352035589357587
2012-06-30,-0.008747122624240425
2012-07-31,0.11530186312528924
2012-08-31,-0.11486897209435515
2012-09-30,0.09305310017239676
2012-10-31,0.000818644881566964
2012-11-30,-0.07852069208383608
2012-12-31,0.03696827794106166
2013-01-31,0.015924775645877604
2013-02-28,-0.048017350172703574
2013-03-31,0.005584166799201513
2013-04-30,-0.030825087748940817
2013-05-31,0.009081387620099843
2013-06-30,0.05297045396168373
2013-07-31,0.12688134529162817
2013-08-31,-0.09902523990614792
2013-09-30,0.17064266997250133
2013-10-31,-0.15616702396180016
2013-11-30,-0.012142807602846667
2013-12-31,0.047065376518766126
2014-01-31,0.4427001589088775
2014-02-28,-0.0498159615856475
2014-03-31,-0.016649780028582018
2014-04-30,-0.039440074772706626
2014-05-31,-0.04714918055553692
2014-06-30,0.06796816776168198
2014-07-31,0.028561238877203788
2014-08-31,-0.055432767620852336
2014-09-30,0.07196799003466006
2014-10-31,0.024583961670128746
2014-11-30,0.06502896950711681
2014-12-31,0.05037030735388898
2015-01-31,-0.06631960087376579
2015-02-28,-0.04481448321575757
2015-03-31,0.059783488409860946
2015-04-30,0.04882962123467719
2015-05-31,-0.15674176444694185
2015-06-30,0.00938619066470256
2015-07-31,0.102213191663074
2015-08-31,-0.0473257111068664
2015-09-30,0.043767790493603034
2015-10-31,-0.016175412194711525
2015-11-30,-0.017414496258177623
2015-12-31,0.08790214815897521
2016-01-31,0.06603330791904238
2016-02-29,0.06508077088005108
2016-03-31,0.10443830457234633
2016-04-30,0.001680307330620724
2016-05-31,0.05455623770359711
2016-06-30,-0.024821340527476483
2016-07-31,0.02593330819907537
2016-08-31,-0.010411444349414767
2016-09-30,0.007759677199417455
2016-10-31,0.04761256203495309
2016-11-30,0.4531121394992322
2016-12-31,0.16739098205483682
2017-01-31,-0.08048139051997616
2017-02-28,-0.09713508902301858
2017-03-31,0.17693798386386886
2017-04-30,0.06333301551703487
2017-05-31,0.04992958536417241
2017-06-30,0.05026764074114239
2017-07-31,-0.1406166939735669
2017-08-31,-0.07178034971886653
2017-09-30,0.006064364655498107
2017-10-31,-0.05417293692096894
2017-11-30,0.0780095786734201
2017-12-31,-0.011764590520171092
2018-01-31,-0.06603977574340092
2018-02-28,-0.025710867332239477
2018-03-31,0.033034516342049944
2018-04-30,-0.04509796422431798
2018-05-31,-0.06577763164531451
2018-06-30,0.019494976919352983
2018-07-31,0.019597325688697823
2018-08-31,-0.04055545402969038
2018-09-30,-0.03768306444946582
2018-10-31,0.018563994988610905
2018-11-30,0.15810193476388024
2018-12-31,-0.11259710195012441
2019-01-31,-0.05747553770019488
2019-02-28,0.24313861240668247
2019-03-31,0.02487260524784037
2019-04-30,0.11802849735596416
2019-05-31,0.06861276985616155
2019-06-30,-0.01279508239707417
2019-07-31,-0.0015212966322151065
2019-08-31,-0.08020234917102471
2019-09-30,-0.0014810508793911944
2019-10-31,-0.023092691113611067
2019-11-30,0.025817484827047158
2019-12-31,-0.06617847548418584
2020-01-31,0.04154772113929378
2020-02-29,0.12261911304020622
2020-03-31,-0.20408199207715633
2020-04-30,-0.2570165711458647
2020-05-31,0.055211519336889
2020-06-30,-0.0320976377508669
2020-07-31,0.017927398544833342
2020-08-31,0.0010073920625435888
2020-09-30,0.007814087883906537
2020-10-31,-0.06184078270843732
2020-11-30,0.001960813940715417
2020-12-31,0.03983986329963598
2021-01-31,0.11609148862360334
2021-02-28,0.1554524905542991
2021-03-31,0.17225459660092451
2021-04-30,-0.06138780503104396
2021-05-31,0.06978565093765425
2021-06-30,0.01466736045906814
2021-07-31,0.17518423465741378
2021-08-31,-0.06466386282841212
2021-09-30,-0.06717774737446208
2021-10-31,-0.04795141163552177
2021-11-30,-0.16991165794478455
2021-12-31,-0.042060401734460885
2022-01-31,-0.3925561799726141
2022-02-28,0.01203150291809661
2022-03-31,0.027340478062172754
2022-04-30,0.1500936671372709
2022-05-31,0.07603390705488403
2022-06-30,-0.046152292452992245
2022-07-31,-0.07187317370786864
2022-08-31,0.03935353372052046
2022-09-30,-0.10561865656165137
2022-10-31,-0.18178429395621715
2022-11-30,0.09435520965770296
2022-12-31,-0.03753405216837639
2023-01-31,-0.1370507623272702
2023-02-28,0.10830978993323304
2023-03-31,-0.00916318762020943
2023-04-30,0.09902530495787694
2023-05-31,-0.12755421270354936
2023-06-30,-0.04795000183630183
2023-07-31,0.0004194959774546533
2023-08-31,0.0037584475011793643
2023-09-30,-0.036005237718339494
2023-10-31,-0.061879658887876186
2023-11-30,-0.08540963435060756
2023-12-31,-0.01139035880170348
2024-01-31,0.00962365053695191
2024-02-29,0.04115510672469992
2024-03-31,0.05692919024711118
2024-04-30,-0.08997136734702954
2024-05-31,-0.12272913365884978
2024-06-30,0.10221414575188073
2024-07-31,0.026585120958367334
2024-08-31,-0.05987892292452429
2024-09-30,0.12409215804180183
2024-10-31,0.009253970743428694
2024-11-30,0.09434377472510612
2024-12-31,0.005401478512808716
